"Id";"CodigoSAP";"Descripcion";"Direccion";"Poblacion";"Provincia";"FkCliente";"FechaAlta";"ComunidadAutonoma";"CodPostal"
"422";"01-CAM-ALBAF";"Franquicia Albacete FUERF";"C/ Mayor, 24";"Albacete";"Albacete";"1";"2009-06-04";"Castilla La Mancha";"02001"
"423";"01-CAM-ALBCF";"Franquicia Lince CC Albacenter";"CC Albacenter, local   26-B C/Alcalde Conangla, s/n";"Albacete";"Albacete";"1";"2012-06-08";"Castilla La Mancha";"02002"
"424";"01-CAM-TAJOF ";"Franquicia ORANGE TOLEDO LUZ DEL TAJO ";"CC LUZ DEL TAJO  C/ BOLADIEZ, S/N LOCAL N2";"Toledo";"Toledo";"1";"2015-03-27";"Castilla La Mancha";"45007"
"425";"01-CAM-ALFAL";"Franquicia Lince CC Los Alfares";"CC Los Alfares L52 Avda. Madrid s/n ";"Talavera de la Reina";"Toledo";"1";"2011-09-20";"Castilla La Mancha";"45600"
"426";"01-CAM-ALMAL";"Franquicia Lince Almansa ";"C/ San Francisco de Asís nº8";"Almansa ";"Albacete";"1";"2011-11-08";"Castilla La Mancha";"2640"
"427";"01-CAM-CREAL";"Franquicia Lince C/ Toledo,  9. ";"C/ Toledo,  9.";"Ciudad Real";"Ciudad Real";"1";"2012-10-02";"Castilla La Mancha";"13003"
"428";"01-CAM-CUENL";"Franquicia Lince Cuenca-c/ de Carretería";"c/ de Carretería, 38 ";"Cuenca";"Cuenca";"1";"2011-12-16";"Castilla La Mancha";"16002"
"429";"01-CAM-HELLL";"Franquicia Lince Federico Coullaut Valera,2 ";"Federico Coullaut Valera, 2";"Hellin";"Albacete";"1";"2012-10-30";"Castilla La Mancha";"2400"
"430";"01-CAM-ILLEL";"Franquicia Lince Avda. Castilla la Mancha";"Avda. Castilla la Mancha, 28 ";"Illescas";"Toledo";"1";"2011-08-19";"Castilla La Mancha";"45200"
"431";"01-CAM-MAYOL";"Franquicia Lince c Mayor- Guadalajara";"C/ Mayor, nº 24, local sexto";"Guadalajara";"Guadalajara";"1";"2011-06-30";"Castilla La Mancha";"19001"
"432";"01-CAM-MIRAL";"CC El Mirador, local 60. Avda  Mediterraneo, s/n. Cuenca (Lince Next)";"CC El Mirador, local 60. Avda  Mediterraneo";"Cuenca";"Cuenca";"1";"2012-08-17";"Castilla La Mancha";"16004"
"433";"01-CAM-TALAF";"Franquicia Talavera de la Reina";"c/ San Francisco nº 13";"Talavera de la Reina";"Toledo";"1";"2010-05-08";"Castilla La Mancha";"46165"
"434";"01-CAM-TALAL";"Franquicia Lince c/ Trinidad, 18 ";"c/ Trinidad, 18 ";"Talavera de la Reina";"Toledo";"1";"2011-11-30";"Castilla La Mancha";"45600"
"435";"01-CAM-TOLEF";"Franquicia CC Abadía";"C Abadía L-35 Autovía Madrid-Toledo Km 64";"Toledo";"Toledo";"1";"2011-11-08";"Castilla La Mancha";"45003"
"436";"01-CAM-TOMEL";"Franquicia Lince Tomelloso";"C/ Antonio Huertas 40";"Tomelloso";"Ciudad Real";"1";"2010-09-16";"Castilla La Mancha";"13700"
"437";"01-ICA-ANAZF";"CC Carrefour Añaza";"CC CARREFOUR AÑAZA. LOCAL 22+27 AUTOPISTA DEL SUR KM 5,9. (Urb Añaza)";"Tenerife";"Tenerife";"1";"2013-10-29";"Canarias";"38011"
"438";"01-ICA-ARENF";"Franquicia Las Palmas. CC Las Arenas";"CC Las Arenas LB54";"Las Palmas de Gran Canaria";"Gran Canaria";"1";"2009-02-18";"Canarias";"35010"
"439";"01-ICA-ARREF";"Franquicia C/ León y Castillo, 9";"C/ León y Castillo, 9";"Arrecife";"Gran Canaria";"1";"2012-09-18";"Canarias";"35500"
"440";"01-ICA-BALLF";"Franquicia Las Palmas. CC La Ballena";"CC La Ballena LB31B  Ctra. Gral. del Norte, 112";"Las Palmas de Gran Canaria";"Gran Canaria";"1";"2009-02-17";"Canarias";"35013"
"441";"01-ICA-CANDL";"Franquicia Lince  CC Punta Larga";"Avda. Menceyes, s/n.-CC Punta Larga";"Candelaria";"Tenerife";"1";"2012-03-28";"Canarias";"38530"
"442";"01-ICA-HERRF";"Franquicia c/ Herradores, 38 -Tenerife";"c/ Herradores, 38 ";"La Laguna ";"Tenerife";"1";"2011-11-22";"Canarias";"38204"
"443";"01-ICA-LAGUF";"Franquicia C.C Alcampo San Cristobal de la Laguna";"CC Alcampo local 70. Autopista Santa Cruz de de Laguna";"Tenerife";"Tenerife";"1";"2010-06-30";"Canarias";"38200"
"444";"01-ICA-MERIL";"Franquicia Lince Tenerife C.C. Meridiano";"Franquicia Lince Tenerife C.C. Meridiano";"Tenerife";"Tenerife";"1";"2011-03-31";"Canarias";"38005"
"445";"01-ICA-MIRAF";"Franquicia  C.C. El Mirador Local  B34 Avda. Santa Rita de Casia S/N";"C.C. El Mirador Local  B34 Avda. Santa Rita de Casia S/N";"Las Palmas de Gran Canaria";"Gran Canaria";"1";"2010-11-26";"Canarias";"35220"
"446";"01-ICA-PALMT";"Tienda Las Palmas-José Mesa y López, 23";"C/ Galicia, 25 (esq. Avda. José Mesa y López, 23)";"Las Palmas de Gran Canaria";"Gran Canaria";"1";"2009-06-23";"Canarias";"35006"
"447";"01-ICA-PULIF";"Franquicia Rambla Pulido, 55 ";"Rambla Pulido, 55 ";"Tenerife";"Tenerife";"1";"2011-11-17";"Canarias";"38004"
"448";"01-ICA-ROTOF";"Franquicia Fuerteventura CC Las Rotondas";"Calle Francisco Pi y Arsuaga, 2  CC Las Rotondas L-11";"Puerto del Rosario";"Fuerteventura";"1";"2011-06-28";"Canarias";"35600"
"449";"01-ICA-SIETF";"Franquicia CC Siete Palmas";"CC Siete Palmas, L- 21- Avenida Pintor Felo Monzon Nº 44.";"Las Palmas de Gran Canaria";"Gran Canaria";"1";"2009-11-18";"Canarias";"35019"
"450";"01-ICA-TELDL";"Franquicia Lince CC Alcampo";"CC Alcampo Telde. Autovía en Telde Gran Canaria 1, km 8.";"Telde";"Gran Canaria";"1";"2012-07-29";"Canarias";"35212"
"451";"01-ICA-TENEL";"Franquicia Lince Tenerife C/ Suárez Guerra 50";"C/ Suárez Guerra 50";"Tenerife";"Tenerife";"1";"2011-05-06";"Canarias";"38002"
"452";"01-ICA-TENET";"Tienda Tenerife-C/Castillo";"Castillo, 68";"Tenerife";"Tenerife";"1";"2010-06-11";"Canarias";"38003"
"453";"01-ICA-VECIF";"Franquicia CC Atlantico ";"CC Atlantico Vecindario. C/ Adargoma, s/n";"Vecindario";"Gran Canaria";"1";"2013-04-09";"Canarias";"35280"
"454";"01-ICA-VILLF";"Franquicia Tenerife. La Orotava";"CC La Villa II L72";"Tenerife";"Tenerife";"1";"2009-02-13";"Canarias";"38300"
"455";"01-MAD-AGUAF";"Franquicia CC Tres Aguas";"CC Tres Aguas, Local 156";"Alcorcon";"Madrid";"1";"2009-12-29";"Madrid";"28922"
"456";"01-MAD-ALBUF";"Franquicia Avda. Albufera";"Avda. Albufera, nº 16";"Madrid";"Madrid";"1";"2009-10-20";"Madrid";"28038"
"457";"01-MAD-ALCUF";"Franquicia C/ Alcalá 406";"C/ Alcalá, 406 ";"Madrid";"Madrid";"1";"2009-04-22";"Madrid";"28027"
"458";"01-MAD-ALCHL";"Franquicia Lince CC Alcalá Magna";"Centro Comercial Alcalá Magna. C/ Valentín Juara Bellot, 4";"Alcala de Henares";"Madrid";"1";"2011-04-27";"Madrid";"28806"
"459";"01-MAD-ALCLF";"Franquicia C/ Alcalá 353";"C/ Alcalá,353";"Madrid";"Madrid";"1";"2010-06-25";"Madrid";"28027"
"460";"01-MAD-ALCOF";"Franquicia Alcorcon ";"C/ Mayor 58 ";"Alcorcon";"Madrid";"1";"2008-12-26";"Madrid";"28921"
"461";"01-MAD-ALCOL";"Franquicia Lince CC La Gran Manzana";"CC La Gran Manzana LB7 Avda. de España 17";"Alcobendas";"Madrid";"1";"2011-09-08";"Madrid";"28100"
"462";"01-MAD-BRAMF";"Franquicia Bravo Murillo 170";"C/ Bravo Murillo 170 ";"Madrid";"Madrid";"1";"2010-06-25";"Madrid";"28020"
"463";"01-MAD-BRAVF";"Franquicia Bravo Murillo 373";"C/ Bravo Murillo 373 ";"Madrid";"Madrid";"1";"2012-04-03";"Madrid";"28020"
"464";"01-MAD-BRAVT";"Tienda Bravo Murillo";"C/ Bravo Murillo 103 ";"Madrid";"Madrid";"1";"2009-01-16";"Madrid";"28020"
"465";"01-MAD-CARRL";"Franquicia Lince CC Carrefour Alcobendas";"CC Carrefour. Ctra. Burgos, Km nº 14,500. ";"Alcobendas";"Madrid";"1";"2011-07-27";"Madrid";"28100"
"466";"01-MAD-COLML";"Franquicia Lince C.C Ventanal de la Sierra Local";"C.C. Ventanal de la Sierra Local 22-Avda Libertad S/N";"Colmenar Viejo";"Madrid";"1";"2010-08-12";"Madrid";"28770"
"467";"01-MAD-CONDF";"Franquicia C/ Conde de Peñalver";"C/ Conde de Peñalver 21";"Madrid";"Madrid";"1";"2010-08-19";"Madrid";"28006"
"468";"01-MAD-CORBL";"Franquicia Lince Avda. del Marqués de Corbera, 17-19";"Avda. del Marqués de Corbera, 17-19";"Madrid";"Madrid";"1";"2011-11-29";"Madrid";"28017"
"469";"01-MAD-CORRL";"Franquicia Lince C.C. Parque Corredor";"C.C. Parque Corredor Local 6 ext Ctra Torrejon-Ajalvir km 5,5,";"Torrejon de Ardoz";"Madrid";"1";"2010-11-11";"Madrid";"28850"
"470";"01-MAD-DEHEF";"Franquicia C.C La Dehesa";"C.C. La Dehesa L58-Alcala de Henares Km 34, A2. ";"Alcala de Henares";"Madrid";"1";"2011-02-03";"Madrid";"28801"
"471";"01-MAD-DELIF";"Franquicia Pº de las Delicias";"Pº de las Delicias, 17";"Madrid";"Madrid";"1";"2009-12-29";"Madrid";"28045"
"472";"01-MAD-ESTAL";"Franquicia Lince CC Plaza de la Estación";"CC Plaza de la Estación c/ Hungría s/n";"Fuenlabrada";"Madrid";"1";"2011-11-15";"Madrid";"28943"
"473";"01-MAD-EXTRF";"Franquicia Paseo de Extremadura 31";"Paseo de la Extremadura nº 31";"Madrid";"Madrid";"1";"2010-12-30";"Madrid";"28011"
"474";"01-MAD-FERIL";"Franquicia Lince CC El Ferial";"CC El Ferial Local 27 Ctra. Parla a Pinto";"Parla";"Madrid";"1";"2011-04-19";"Madrid";"28982"
"475";"01-MAD-FUENF";"FUENCARRAL ";"C/ Fuencarral, 132 ";"Madrid";"Madrid";"1";"2008-08-05";"Madrid";"28010"
"476";"01-MAD-FUENL";"Franquicia Lince  C/ Leganés,  31";"C/ Leganés,  31 ";"Fuenlabrada";"Madrid";"1";"2010-11-16";"Madrid";"28945"
"477";"01-MAD-GAVIF";"CC LA GAVIA ";"CC LA GAVIA LOCAL 46 CALLE DE ADOLFO BIO";"MADRID";"Madrid";"1";"1900-01-01";"Madrid";"28051"
"478";"01-MAD-GETAF";"Franquicia Getafe";"Avda de Madrid nº 67 ";"Getafe ";"Madrid";"1";"2008-10-31";"Madrid";"28901"
"479";"01-MAD-GOYAT";"Tienda Goya";"C/ Goya, 21";"Madrid";"Madrid";"1";"2008-07-10";"Madrid";"28001"
"480";"01-MAD-GVIAT";"Tienda Propia Gran Vía, 44";" Gran Vía, 44 ";"Madrid";"Madrid";"1";"2011-11-30";"Madrid";"28013"
"481";"01-MAD-ISLAF";"Franquicia C.C. Isla Azul";"C.C. Isla Azul Local 8A, C/Calderilla 1";"Madrid";"Madrid";"1";"2010-12-29";"Madrid";"28054"
"482";"01-MAD-LABOL";"Franquicia Lince C/ Pedro Laborde";"C/ Pedro Laborde, 1";"Madrid";"Madrid";"1";"2012-09-25";"Madrid";"28020"
"483";"01-MAD-LAGUF";"Franquicia Madrid -C/Laguna";"C/ La Laguna, 95";"Madrid";"Madrid";"1";"2009-12-11";"Madrid";"28025"
"484";"01-MAD-LAOCL";"Franquicia Lince C/ La Oca";"C/ La Oca, 2. ";"Madrid";"Madrid";"1";"2011-12-21";"Madrid";"28025"
"485";"01-MAD-LEGAF";"Franquicia CC Parque Sur";"CC Parquesur, Local C27 Avda. de Gran Bretaña s/n";"Leganes ";"Madrid";"1";"2009-09-24";"Madrid";"28916"
"486";"01-MAD-LORAL";"Franquicia Lince CC Loranca";"CC Alcampo Loranca Local A70 Avda. Pablo Iglesias s/n  ";"Fuenlabrada";"Madrid";"1";"2011-03-04";"Madrid";"28942"
"487";"01-MAD-MADRF";"Franquicia Leganes-C/Madrid";"C/ Madrid nº 4";"Leganes ";"Madrid";"1";"2010-05-27";"Madrid";"28030"
"488";"01-MAD-MAJAF";"Franquicia CC Gran Plaza 2  Majadahonda";"CC Gran Plaza 2 L-A83 ";"Majadahonda ";"Madrid";"1";"2012-04-27";"Madrid";"28221"
"489";"01-MAD-MAYOF";"Franquicia Alcala de Henares-C/Mayor 7";"C/Mayor 7";"Alcala de Henares";"Madrid";"1";"2011-06-03";"Madrid";"28801"
"490";"01-MAD-MOSTF";"Franquicia Móstoles";"C/ Teniente Ruiz nº 2";"Móstoles";"Madrid";"1";"2009-10-16";"Madrid";"28934"
"491";"01-MAD-MOSTL";"Franquicia Lince CC Carrefour Móstoles";"CC Carrefour Móstoles, Local 17. Carretera Extremadura, 19";"Móstoles";"Madrid";"1";"2012-06-27";"Madrid";"28935"
"492";"01-MAD-NARVF";"Franquicia C/ Narváez nº33";"C/ Narváez nº33 Madrid";"Madrid";"Madrid";"1";"2011-10-20";"Madrid";"28009"
"493";"01-MAD-NASIF";"Franquicia CC Nassica.";"CC Nassica. Avenida Río Guadalquivir, 13 (Area Empresarial Andalucía)";"Getafe ";"Madrid";"1";"2012-08-03";"Madrid";"28906"
"494";"01-MAD-ORENF";"Franquicia C/ Orense 9";"C/ Orense 9";"Madrid";"Madrid";"1";"2010-09-17";"Madrid";"28020"
"495";"01-MAD-PARLF";"Franquicia Parla";"C/ Real, 73 c/v a  C/ Río Ebro, 2 bis";"Parla";"Madrid";"1";"2009-04-14";"Madrid";"28981"
"496";"01-MAD-PARLL";"Franquicia Lince Parla C/ Pinto, 43";"C/ Pinto, 43";"Parla";"Madrid";"1";"2012-07-31";"Madrid";"28983"
"497";"01-MAD-PARQF";"Franquicia C.C. Parque Sur L-H14";"C.C. Parque Sur L-H14. Avenida Gran Bretaña ";"Leganes ";"Madrid";"1";"2011-12-28";"Madrid";"28916"
"498";"01-MAD-PINAF";"Franquicia CC El Pinar de las Rozas";"CC El Pinar de las Rozas. Ctra. Madrid - La Coruña, Km 22";"Las Rozas";"Madrid";"1";"2012-12-03";"Madrid";"28230"
"499";"01-MAD-PLENF";"Franquicia Plenilunio";"CC Plenilunio, Calle Aracne s/n Glorieta Eisenhower, PI Las Mercedes";"Madrid";"Madrid";"1";"2010-06-30";"Madrid";"28022"
"500";"01-MAD-PPIOF";"Franquicia C.C Principe Pio";"Centro Comercial Principe Pio Local H11 Paseo de la Florida s/n.";"Madrid";"Madrid";"1";"2010-02-25";"Madrid";"28008"
"501";"01-MAD-PRINT";"Tienda Princesa 51 ";"Princesa, 51. ";"Madrid";"Madrid";"1";"2011-04-20";"Madrid";"28008"
"502";"01-MAD-PSOLT";"Tienda Puerta de Sol";"Puerta del Sol 12, esq. Carmen, 2";"Madrid";"Madrid";"1";"2011-11-30";"Madrid";"28013"
"503";"01-MAD-RIVAF";"Franquicia Rivas Vaciamadrid";"Rivas Vaciamadrid C.C. H2Ocio C/Río de Oro nº 3";"Rivas Vaciamadrid  ";"Madrid";"1";"2009-08-28";"Madrid";"28521"
"504";"01-MAD-RIVAL";"Franquicia Lince CC Parque Rivas";"CC Parque Rivas L-8 Avda. de la Técnica s/n";"Rivas Vaciamadrid ";"Madrid";"1";"2011-10-19";"Madrid";"28529"
"505";"01-MAD-ROSAL";"Franquicia Lince C.C. Las Rosas";"CC Las Rosas Plt Baja Local 17 Avda Guadalajara, s/n";"Madrid";"Madrid";"1";"2010-09-28";"Madrid";"28032"
"506";"01-MAD-SANSF";"Franquicia CC Plaza Norte";"CC Plaza Norte, Local A54 a+b";"San Sebastian de los Reyes";"Madrid";"1";"2011-06-30";"Madrid";"28703"
"507";"01-MAD-SANTN";"Franquicia Lince Next C/ Santander, 1 ";"C/ Santander, 1";"Móstoles";"Madrid";"1";"2012-11-15";"Madrid";"28933"
"508";"01-MAD-SECTF";"Franquicia CC Sector 3 Avenida Juan Carlos I s/n";"CC Sector 3 Avenida Juan Carlos I s/n ";"Getafe ";"Madrid";"1";"2010-12-17";"Madrid";"28905"
"509";"01-MAD-TOLEF";"Franquicia C/Toledo nº 47";"C/Toledo nº 47";"Madrid";"Madrid";"1";"2011-06-28";"Madrid";"28005"
"510";"01-MAD-TORRL";"Fraquicia Lince  CC Espacio";"CC Espacio Torrelodones. Avda. de la Fontanilla, 1";"Torrelodones";"Madrid";"1";"2012-03-01";"Madrid";"28250"
"511";"01-MAD-TRESL";"Franquicia Lince C.C. Ciudad de Tres Cantos L-35 ";"C.C. Ciudad de Tres Cantos L-35 ";"Tres Cantos ";"Madrid";"1";"2011-12-28";"Madrid";"28760"
"512";"01-MAD-USERF";"Franquicia Marcelo Usera";"C/ Marcelo Usera nº 74";"Madrid";"Madrid";"1";"2010-03-03";"Madrid";"28026"
"513";"01-MAD-VAGCF";"Franquicia C.C.La Vaguada";"CC La Vaguada, Local 58-59. Avenida Monforte de Lemos, 36";"Madrid";"Madrid";"1";"2011-04-29";"Madrid";"28029"
"514";"01-MAD-VALDL";"Franquicia Lince CC El Restón";"CC El Restón,  Locales 2, 3, 6 y 7. Avda  Mediterraneo";"Valdemoro";"Madrid";"1";"2012-06-01";"Madrid";"28340"
"515";"01-MAD-VERGF";"Franquicia C/ Príncipe de Vergara, 260 ";"C/ Príncipe de Vergara, 260 ";"Madrid";"Madrid";"1";"2011-03-25";"Madrid";"28008"
"516";"01-MAD-XANAF";"Franquicia C.C. Xanadú";"C.C. Xanadú Local 228 C/ Puerto de Navacerrada 2";"Arroyomolinos";"Madrid";"1";"2010-08-13";"Madrid";"28939"
"517";"02-CAT-ANTOF";"Franquicia San Antonio - (Barcelona)";"Ronda de San Antonio nº 55 ";"Barcelona";"Barcelona";"1";"2008-10-31";"Cataluña";"08011"
"518";"02-CAT-ARENF";"Franquicia CC Arenas  Plaza de España s/n";"CC Arenas  Plaza de España s/n";"Barcelona";"Barcelona";"1";"2011-03-25";"Cataluña";"08014"
"519";"02-CAT-AUGUF";"Franquicia Tarragona Carrer D`August 1";"Carrer D`August 1";"Tarragona";"Tarragona";"1";"2010-11-25";"Cataluña";"43003"
"520";"02-CAT-BADAL";"Franquicia Lince CC Magic- Badalona";"CC Magic Badalona L-40  Carrer Concordia, 1";"Badalona";"Barcelona";"1";"2012-04-13";"Cataluña";"08917"
"521";"02-CAT-BALMF";"Franquicia Barcelona - Balmes 206";"Calle Balmes, 206 ";"Barcelona";"Barcelona";"1";"2011-04-29";"Cataluña";"08006"
"522";"02-CAT-BARBL";"Franquicia Lince Barberá del Vallés-Paseo Doctor Moragas, 204";"Paseo Doctor Moragas, 204";"Barberá del Vallés";"Barcelona";"1";"2011-03-14";"Cataluña";"08210"
"523";"02-CAT-BARCL";"Franquicia Lince Mollet del Vallés-c/ de Barcelona";"c/ de Barcelona, 1";"Mollet del Valles";"Barcelona";"1";"2011-12-16";"Cataluña";"08100"
"524";"02-CAT-BARCT";"Tienda Portaferrisa, 18";"C/ Portaferrisa, 18";"Barcelona";"Barcelona";"1";"2009-05-19";"Cataluña";"08002"
"525";"02-CAT-BARIF";"Franquicia CC Baricentro";"C Baricentro, Local A-131. Carretera N- 150, km 6";"Barberá del Vallés";"Barcelona";"1";"2011-06-29";"Cataluña";"08210"
"526";"02-CAT-CABRL";"Franquicia Lince CC Carrefour Cabrera Mar";"CC Carrefour Cabrera de Mar. Ctra. Nacional II, Km 644";"Cabrera de Mar";"Barcelona";"1";"2012-10-23";"Cataluña";"08349"
"527";"02-CAT-CAJAL";"Franquicia Lince C/ Ramón y Cajal";"C/ Ramón y Cajal nº 30";"Tarragona";"Tarragona";"1";"2011-04-20";"Cataluña";"43001"
"528";"02-CAT-CAMPL";"Franquicia Lince  Gerona Plaza Marques de Camps nº 19";"Plaza Marques de Camps nº 19";"Girona";"Girona";"1";"2011-03-23";"Cataluña";"17001"
"529";"02-CAT-CASTL";"Franquicia Lince CC Anec Blau Castelldefels";"CC Anec Blau, Local A12 y A13. Avda Canal Olímpic";"Castelldefels ";"Barcelona";"1";"2012-04-23";"Cataluña";"08860"
"530";"02-CAT-COLLF";"Franquicia Hospitalet-Colblanch";"Carrer de Collblanc, 31 ";"Hospitalet de Llobregat  ";"Barcelona";"1";"2011-11-18";"Cataluña";"08093"
"531";"02-CAT-COLOF";"Franquicia  Santa Coloma de Gramanet";"San Sebastián 41";"Santa Coloma de Gramanet";"Barcelona";"1";"2011-08-31";"Cataluña";"08921"
"532";"02-CAT-CORTL";"Franquicia Lince  C/ Travesera de las Corts";"Travesera de las Corts, 261 y 263";"Barcelona";"Barcelona";"1";"2012-08-08";"Cataluña";"08014"
"533";"02-CAT-CREUL";"Franquicia Lince Creu Coberta nº 7 Barcelona";"Carrer Creu Coberta nº 75";"Barcelona";"Barcelona";"1";"2011-04-12";"Cataluña";"08014"
"534";"02-CAT-DANTF";"Franquicia Barcelona-Dante Alighieri, 68.";"C/ Dante Alighieri, 68. ";"Barcelona";"Barcelona";"1";"2011-12-14";"Cataluña";"08032"
"535";"02-CAT-DIAGN";"Franquicia Lince Dho Next CC Diagonal del Mar";"CC Diagonal del Mar, local 3525-3530. Avenida Diagonal, 3";"Barcelona";"Barcelona";"1";"2012-12-17";"Cataluña";"08019"
"536";"02-CAT-DIAGT";"Tienda Propia C/ Diagonal, 598";"C/ Diagonal, 598 ";"Barcelona";"Barcelona";"1";"2013-01-17";"Cataluña";"08021"
"537";"02-CAT-DMARF";"Franquicia Badalona";"C/Carrer de Mar, 23";"Badalona ";"Barcelona";"1";"2009-05-21";"Cataluña";"08911"
"538";"02-CAT-SALTF ";"Franquicia Lince Salt CC Espai Gironés";"CC Espai Gironés Local 1 61 Cami dels Carlins nº 10";"Salt";"Girona";"1";"2011-03-01";"Cataluña";"17190"
"539";"02-CAT-FABRF";"Franquicia Franquicia Paseig de Fabra i Puig 189";"Paseig de Fabra i Puig 189";"Barcelona";"Barcelona";"1";"2010-10-29";"Cataluña";"08016"
"540";"02-CAT-FARGL";"Franquicia Lince CC La Farga Max Center";"CC La Farga Max Center, local B03. C/ Barcelona, 2";"Hospitalet de Llobregat  ";"Barcelona";"1";"2012-08-16";"Cataluña";"08901"
"541";"02-CAT-FERRL";"Franquicia Lince Mollerusa Ferrer i Busquets";"Calle Ferrer i Busquets, 49";"Mollerusa";"Lerida";"1";"2012-06-19";"Cataluña";"25230"
"542";"02-CAT-FIGUL";"Franquicia  Lince C/Nou-Figueras";"C/Nou 46, planta baja.";"Figueras";"Girona";"1";"2011-04-11";"Cataluña";"17600"
"543";"02-CAT-FILAF";"Franquicia C/ Filadors nº26 Sabadell";"C/ Filadors nº26";"Sabadell";"Barcelona";"1";"2012-11-06";"Cataluña";"08850"
"544";"02-CAT-GAVAL";"Franquicia Lince CC Barnasud Gavá ";"Franquicia Lince CC Barnasud Gavá ";"Gavá";"Barcelona";"1";"2012-08-08";"Cataluña";"08850"
"545";"02-CAT-GEROF";"Franquicia Girona";"Joan Maragall 14 ";"Girona";"Girona";"1";"2008-12-23";"Cataluña";"17002"
"546";"02-CAT-GLORF";"Franquicia CC Las Glories";"CC Las Glories, local A109";"Barcelona";"Barcelona";"1";"2009-04-15";"Cataluña";"08018"
"548";"02-CAT-GRANF";"Franquicia Gran de Gracia 126";"Gran de Gracia 126";"Barcelona";"Barcelona";"1";"2010-10-29";"Cataluña";"08012"
"549";"02-CAT-GUIMF";"Fraquicia  Angel Guimerá, 2";"Muralla del Carmen, 22-24 esquina con Angel Guimerá, 2 ";"Barcelona-Manresa";"Barcelona";"1";"2011-06-10";"Cataluña";"08241"
"550";"02-CAT-HOSPF";"Franquicia Hospitalet CC Gran Vía 2";"CC Gran Vía 2 L-B72";"Hospitalet de Llobregat  ";"Barcelona";"1";"2010-06-25";"Cataluña";"08908"
"551";"02-CAT-ISIDL";"Franquicia Lince Rambla de Sant Isidre nº 2, Local nº 1";"Rambla de Sant Isidre nº 2, Local nº 1";"Barcelona-Igualada";"Barcelona";"1";"2011-03-09";"Cataluña";"08700"
"552";"02-CAT-LAIEF";"Franquicia   Vía  Laietana, 38 ";"Vía  Laietana, 38";"Barcelona";"Barcelona";"1";"2012-07-25";"Cataluña";"08000"
"553";"02-CAT-LERIL";"Franquicia Lince Lérida c/ Lluis Companys nº 2";"C/ Lluis Companys nº 2";"Lerida";"Lerida";"1";"2011-03-23";"Cataluña";"25003"
"554";"02-CAT-LLOBF";"Franquicia CC Llobregat Centre";"CC Llobregat Centre, Loc.57. Carretera Esplugues, 1-19 ";"Cornella de Llobregat";"Barcelona";"1";"2011-05-10";"Cataluña";"08940"
"555";"02-CAT-MANRL";"Franquicia Lince CC Manresa";"CC Manresa L-26 C/ Alvar Alto s/n ";"Manresa";"Barcelona";"1";"2011-11-23";"Cataluña";"08241"
"556";"02-CAT-MAQUF";"Franquicia C.C la Maquinista";"Centro Comercial Maquinista Local C72+79 (Paseo de Potosí nº2)";"Barcelona";"Barcelona";"1";"2010-06-09";"Cataluña";"08030"
"557";"02-CAT-MATAF";"Franquicia Mataro -C/Riera 18";"C/ Riera nº 18 ";"Mataro";"Barcelona";"1";"2010-12-23";"Cataluña";"08301"
"558";"02-CAT-MONTF";"Franquicia CC Carrefour Montigalá L-33 ";"CC Carrefour Montigalá L-33 ";"Badalona ";"Barcelona";"1";"2011-10-20";"Cataluña";"08915"
"559";"02-CAT-OLOTL";"Franquicia Lince Olot";"C/ San Rafael nº 44";"Olot";"Girona";"1";"2011-06-22";"Cataluña";"17800"
"560";"02-CAT-PARCF";"Franquicia CC Parc Central Tarragona";"CC Parc Central local 0-35 Av. Cardenal Vidal I Barraquer 15-17";"Tarragona";"Tarragona";"1";"2011-03-24";"Cataluña";"43005"
"562";"02-CAT-PEREF";"Franquicia Terrassa";"C/ Sant Pere, 6-8";"Terrassa";"Barcelona";"1";"2009-06-10";"Cataluña";"08221"
"563";"02-CAT-PORXF";"Franquicia Granollers";"C/Porxada, 19";"Granollers";"Barcelona";"1";"2009-06-09";"Cataluña";"08401"
"564";"02-CAT-RAMBL";"Franquicia Lince Vic C/ Rambla del Passeig, 13-15-17L-B ";"C/ Rambla del Passeig, 13-15-17L-B";"Vic";"Barcelona";"1";"2012-07-17";"Cataluña";"08500"
"566";"02-CAT-REUSF";"Franquicia Reus ";"C/ Llovera, 43 ";"Reus";"Tarragona";"1";"2009-12-18";"Cataluña";"43201"
"567";"02-CAT-REUSL";"Franquicia Lince c/ Marti Folguera, 24 Reus ";"C/ Marti Folguera, 24 ";"Reus";"Tarragona";"1";"2011-11-03";"Cataluña";"43201"
"568";"02-CAT-RUSIF";"Franquicia  San Cugat del Valles";"Santiago Rusiñol 15";"Sant Cugat del Vallès";"Barcelona";"1";"2011-10-28";"Cataluña";"08172"
"569";"02-CAT-SABAF";"Franquicia Sabadell- C/ Rambla 30";"C/Rambla 30";"Sabadell";"Barcelona";"1";"2010-12-29";"Cataluña";"08201"
"570";"02-CAT-SADRL";"Franquicia Lince Sant Adriá del Besós ";"Avenida Cataluña, 1";"Sant Adriá del Besós";"Barcelona";"1";"2012-08-21";"Cataluña";"08930"
"571";"02-CAT-SAFEL";"Franquicia Lince Sant Feliú de Guixols";"C/ Canarias, 27";"Sant Feliú de Guixols";"Girona";"1";"2013-02-26";"Cataluña";"17220"
"572";"02-CAT-SANDF";"Franquicia C/Gran de Sant Andréu, 258";"Carrer Gran de Sant Andréu, 258 ";"Barcelona";"Barcelona";"1";"2011-06-08";"Cataluña";"08030"
"573";"02-CAT-SANJF";"Franquicia Paseo Sant Joan, 206 – 210";"Franquicia Paseo Sant Joan, 206 – 210";"Barcelona";"Barcelona";"1";"2012-02-15";"Cataluña";"08037"
"574";"02-CAT-SANTF";"Franquicia C/ Sants, 125";"C/ Sants, 125.";"Barcelona";"Barcelona";"1";"2011-12-22";"Cataluña";"08028"
"575";"02-CAT-SANTL";"Franquicia Lince C/ Sant Antoni, 43";"C/ Sant Antoni, 43";"Lerida";"Lerida";"1";"2012-06-26";"Cataluña";"25002"
"576";"02-CAT-SBOIN";"Franquicia Lince Sant Boi de Llobregat";"c/ María Fortuny, 30";"Sant Boi de Llobregat";"Barcelona";"1";"2012-11-08";"Cataluña";"08830"
"577";"02-CAT-SCUGL";"Franquicia Lince CC San Cugat";"CC San Cugat, local 58+59. Vía Augusta, 2";"Sant Cugat del Vallès";"Barcelona";"1";"2012-05-30";"Cataluña";"08190"
"578";"02-CAT-SITGF";"Franquicia C/ Jesús nº 18";"C/ Jesús nº 18, Sitges";"Sitges";"Barcelona";"1";"2012-12-20";"Cataluña";"08008"
"579";"02-CAT-SJUAF";"Franquicia Lerida";"Plaza Sant Joan, 4 ";"Lerida";"Lerida";"1";"2010-04-21";"Cataluña";"25007"
"580";"02-CAT-SUSAL";"Franquicia Lince C.C Santa Susanna";"C.C. Santa Susanna Ctra Nacional II KM 673 S/N";"Barcelona";"Barcelona";"1";"2010-08-09";"Cataluña";"08398"
"581";"02-CAT-TERRF";"Franquicia Plaza  Anselm Clave, 8 ";"Anselm Clave, 8 Tarrasa ";"Terrassa";"Barcelona";"1";"2012-10-18";"Cataluña";"08221"
"582";"02-CAT-VENDL";"Franquicia Lince C/ Alt, 19";"C/ Alt, 19";"El Vendrel";"Tarragona";"1";"2010-10-19";"Cataluña";"43700"
"583";"02-CAT-VILAL";"Franquicia Lince Vilanova i la Geltrú Rambla 106";"Rambla 106";"Vilanova i la Geltrú ";"Barcelona";"1";"2011-05-05";"Cataluña";"08800"
"584";"02-CAT-VIPEL";"Franquicia Lince Villafranca del Penedés";"Avenida Tarragona, 8";"Villafranca del Penedés";"Barcelona";"1";"2012-10-31";"Cataluña";"08720"
"585";"03-BAL-ARAGF";"Franquicia Mallorca -C/Aragon";"C/ Aragón, 2";"Palma de Mallorca";"Mallorca";"1";"2009-04-29";"Baleares";"07006"
"586";"03-BAL-CARRF";"Franquicia CC Coll de Rabasa";"CC Coll de Rabasa local 13, Avda. Cardenal Rossel s/n ";"Palma de Mallorca";"Mallorca";"1";"2011-12-29";"Baleares";"07007"
"587";"03-BAL-IBIZF";"Franquicia Ibiza-C/Obispo Huix, 2-4";"C/Obispo Huix, 2-4";"Ibiza";"Ibiza";"1";"2010-12-02";"Baleares";"07800"
"588";"03-BAL-JAIMF";"Franquicia C/ Jaume III nº 13";"C/ Jaume III nº 13";"Palma de Mallorca";"Mallorca";"1";"2012-02-28";"Baleares";"07012"
"589";"03-BAL-PALMF";"Franquicia Palma de Mallorca -CC Porto Pi";"CC Porto Pi L1407 ";"Palma de Mallorca";"Mallorca";"1";"2009-01-23";"Baleares";"07015"
"590";"03-BAL-PALML";"Franquicia Lince Avda. Argentina nº8";"Avda. Argentina nº8";"Palma de Mallorca";"Mallorca";"1";"2011-12-30";"Baleares";"07011"
"591";"03-BAL-PALMT";"Tienda Propia C/ San Miguel,  15";" C/ San Miguel,  15 ";"Palma de Mallorca";"Mallorca";"1";"2013-04-10";"Baleares";"07002"
"592";"03-MUR-ALCAL";"Franquicia Lince C/Mayor, 12 ";"C/ Mayor, 128";"Alcantilla";"Murcia";"1";"2013-03-04";"Murcia";"30820"
"593";"03-MUR-CARTF";"Franquicia Cartagena";"C/Puerta de Murcia nº 20";"Cartagena";"Murcia";"1";"2009-06-30";"Murcia";"30201"
"594";"03-MUR-CHURF";"Franquicia C.C. Nueva Condomina";"C.C. Nueva Condomina Local B60 Autovia A7 - KM 760";"Churra";"Murcia";"1";"2010-09-16";"Murcia";"30110"
"595";"03-MUR-CIEZL";"Franquicia Lince Gran Vía Juan Carlos I, 115";"Gran Vía Juan Carlos I, 115";"Cieza";"Murcia";"1";"2012-06-07";"Murcia";"30530"
"596";"03-MUR-DOSMF";"Franquicia CC Dos Mares San Javier";"CC Dos Mares, Local B15. Carretera Nacional 332";"San Javier";"Murcia";"1";"2012-06-28";"Murcia";"30730"
"597";"03-MUR-EROSL";"Franquicia Lince C.C Eroski Infante";"C.C Eroski Infante Local 2 Avda Lope de Vega S/N";"Murcia";"Murcia";"1";"2010-08-11";"Murcia";"30110"
"598";"03-MUR-ESPAL";"Franquicia Lince CC Espacio Mediterráneo Cartegena";"CC Espacio Mediterráneo. Calle Riga s/n. Polígono ";"Cartagena";"Murcia";"1";"2012-05-24";"Murcia";"30392"
"599";"03-MUR-GVIAT";"Tienda Murcia Francisco Salzillo, 19.";"C/ Gran Vía del Escultor Francisco Salzillo, 19.";"Murcia";"Murcia";"1";"2011-06-28";"Murcia";"30004"
"600";"03-MUR-HOSPL";"Franquicia Lince Yecla";"C/ Hospital, 2";"Yecla";"Murcia";"1";"2012-06-06";"Murcia";"30510"
"601";"03-MUR-LORCF";"Franquicia Lorca";"C. C. Parque Almenara L26A";"Lorca ";"Murcia";"1";"2008-12-23";"Murcia";"30800"
"602";"03-MUR-LORCL";"Franquicia Lince Av. Juan Carlos I, 2";"Av. Juan Carlos I, 2 ";"Lorca ";"Murcia";"1";"2011-11-11";"Murcia";"30800"
"603";"03-MUR-THADL";"Franquicia Lince C.C Theader Local B15";"CC Thader, Local 10. Avda. Juan de Borbón, s/nº";"Churra";"Murcia";"1";"2011-03-18";"Murcia";"30110"
"604";"03-MUR-TORRL";"Franquicia Lince Torrepacheco";"Avenida de la Estación, 16";"Torrepacheco";"Murcia";"1";"2013-04-16";"Murcia";"30700"
"605";"03-VAL-ALFAF";"Franquicia CC Carrefour Alfafar-L3";"CC Carrefour Alfafar, Local 3. Avenida de la Albufera, s/nº";"Valencia";"Valencia";"1";"2011-09-28";"Comunidad Valenciana";"46910"
"606";"03-VAL-ALICF";"Tienda Alicante";"Avda. Alfonso X El Sabio 39 ";"Alicante";"Alicante";"1";"2008-11-28";"Comunidad Valenciana";"03001"
"607";"03-VAL-ALICL";"Franquicia Lince c Historiador Vicente Ramos, 140";"c/ Historiador Vicente Ramos,";"San Juan de Alicante";"Alicante";"1";"2012-06-14";"Comunidad Valenciana";"03540"
"608";"03-VAL-LALJF";"Franquicia CC L'Aljub - Elche";"C.C. L´Aljub B06/06 C/Jacarilla, 7";"Elche";"Alicante";"1";"2010-09-10";"Comunidad Valenciana";"03205"
"609";"03-VAL-ALQUL";"Franquicia Lince Alaquàs Avda. Blasco Ibáñez";"Avda. Blasco Ibáñez, 2 ";"Alaquàs ";"Valencia";"1";"2012-02-02";"Comunidad Valenciana";"46970"
"610";"03-VAL-AQUAF";"Franquicia Centro Comercial Aqua";"Centro Comercial Aqua";"Valencia";"Valencia";"1";"2009-06-30";"Comunidad Valenciana";"46023"
"611";"03-VAL-ARCHL";"Franquicia Lince Archiduque Carlos, 135";"Archiduque Carlos, 135";"Valencia";"Valencia";"1";"2012-06-06";"Comunidad Valenciana";"46014"
"612";"03-VAL-ARENF";"Franquicia C.C Arena Multiespacio";"CC Arena Multiespacio Local S03";"Valencia";"Valencia";"1";"2010-04-26";"Comunidad Valenciana";"46019"
"613";"03-VAL-BENIF";"Franquicia Benidorm";"Gambó nº 9A ";"Benidorm";"Alicante";"1";"2009-12-15";"Comunidad Valenciana";"03503"
"614";"03-VAL-BENIL";"Franquicia Lince  C/Juan Carlos I-26";"C/Juan Carlos I-26";"Benicarló";"Castellon";"1";"2011-11-11";"Comunidad Valenciana";"12580"
"615";"03-VAL-BONAF";"Franquicia CC Bonaire ";"CC Bonaire ";"Aldaia";"Valencia";"1";"2009-12-17";"Comunidad Valenciana";"46960"
"616";"03-VAL-BURJF";"Franquicia Mercadona-Burjasot";"Plaza  Francisca Navarro, 8";"Burjassot";"Valencia";"1";"2012-04-18";"Comunidad Valenciana";"46007"
"617";"03-VAL-CAMPN";"Franquicia Lince Next CC Carrefour Campanar";"CC Carrefour Campanar  Av. de Manuel de Falla, 13";"Valencia";"Valencia";"1";"2012-11-16";"Comunidad Valenciana";"46015"
"618";"03-VAL-CASTF";"Franquicia Castellon";"C/ Enmedio nº 33";"Castellón";"Castellón";"1";"2010-03-05";"Comunidad Valenciana";"12001"
"619";"03-VAL-CASTL";"Franquicia Lince Plaza Independencia, 8";"Plaza Independencia, 8";"Castellón";"Castellón";"1";"2012-06-28";"Comunidad Valenciana";"12001"
"620";"03-VAL-CATAL";"Franquicia Lince Catarroja";" c/ Filiberto Rodrigo, 12";"Catarroja";"Valencia";"1";"2012-05-23";"Comunidad Valenciana";"46470"
"621";"03-VAL-CATOL";"Franquicia Lince C/ Reyes Católicos, 25 ";"C/ Reyes Católicos, 25 ";"Alicante";"Alicante";"1";"2010-10-27";"Comunidad Valenciana";"03003"
"622";"03-VAL-CCMNF";"Franquicia C.C.MN4";"C.C.MN4 local B30-31 BB C/ Alcalde Jose Puertes S/N";"Alfafar";"Valencia";"1";"2010-08-13";"Comunidad Valenciana";"46910"
"623";"03-VAL-CENTF";"Franquicia CC  Nuevo Centro";"CC  Nuevo Centro - Local 135";"Valencia";"Valencia";"1";"2009-06-17";"Comunidad Valenciana";"46009"
"624";"03-VAL-COLOT";"Tienda Valencia";"C/ Colon 19";"Valencia";"Valencia";"1";"2009-04-02";"Comunidad Valenciana";"46004"
"625";"03-VAL-CORTL";"Franquicia Lince Vall del Uxo";"C/ Cortes Valencianas nº 8";"Vall del Uxo ";"Castellón";"1";"2011-07-21";"Comunidad Valenciana";"12600"
"626";"03-VAL-DEVEL";"Franquicia Lince c/ Devesa, 1 ";"c/ Devesa, 1";"Alicante";"Alicante";"1";"2012-11-28";"Comunidad Valenciana";"03010"
"627";"03-VAL-DIAGL";"Franquicia Lince Avenida Diagonal Nules";"Avenida Diagonal,  21";"Nules";"Castellon";"1";"2012-07-03";"Comunidad Valenciana";"12520"
"628";"03-VAL-ELCHF";"Franquicia Elche";"Corredera 13 ";"Elche";"Alicante";"1";"2008-12-18";"Comunidad Valenciana";"03203"
"629";"03-VAL-GANDF";"Franquicia Gandia";"C/ Mayor nº 22";"Gandia";"Valencia";"1";"2009-08-12";"Comunidad Valenciana";"46701"
"630";"03-VAL-GANDL";"Franquicia Lince CC Carrefour Gandía ";"CC Carrefour Gandía Partida Rafael Caid s/n.";"Gandia";"Valencia";"1";"2011-10-21";"Comunidad Valenciana";"46701"
"631";"03-VAL-GREGL";"Franquicia Lince Mislata";"Avda. de Gregorio Gea, 36 ";"Mislata ";"Valencia";"1";"2011-12-01";"Comunidad Valenciana";"46920"
"632";"03-VAL-GRVIF";"Franquicia CC Gran Vía";"CC Gran Vía, Local 13-A. C/ José García Selles, 2.";"Alicante";"Alicante";"1";"2011-09-02";"Comunidad Valenciana";"03015"
"633";"03-VAL-HABAF";"Franquicia Torrevieja CC Habaneras ";"CC Habaneras L-10  Avda. Rosa Mazón Valero. s/n";"Torrevieja";"Alicante";"1";"2011-08-31";"Comunidad Valenciana";"03184"
"634";"03-VAL-JAIML";"Franquicia Lince Rey Don Jaime";"Av. Rey Don Jaime I, 84.";"Castellón";"Castellón";"1";"2011-03-18";"Comunidad Valenciana";"12001"
"635";"03-VAL-JAVEL";"Franquicia Lince Javea-C/ Lepanto nº 17 ";"C/ Lepanto nº 17 ";"Javea";"Alicante";"1";"2012-04-03";"Comunidad Valenciana";"03730"
"636";"03-VAL-LSALF";"Franquicia Castellon-C.C. La Salera";"C.C. La Salera Local C16A-C16B Ctra. Nacional 340 Km 64,500 ";"Castellón";"Castellón";"1";"2010-11-12";"Comunidad Valenciana";"12006"
"637";"03-VAL-MAIST";"Tienda Propia Alicante C/Maisonnave nº38";"C/Maisonnave nº38";"Alicante";"Alicante";"1";"2011-09-15";"Comunidad Valenciana";"03003"
"638";"03-VAL-MARIF";"Franquicia Ondara CC Portal de la Marina";"CC Portal de la Marina L-B36/37";"Ondara";"Alicante";"1";"2011-06-22";"Comunidad Valenciana";"03760"
"639";"03-VAL-MARIL";"CC La Marina LB51 Avda. País Valencia s/n";"CC La Marina LB51 Avda. País Valencia s/n ";"Finestrat ";"Alicante";"1";"2011-11-17";"Comunidad Valenciana";"03509"
"640";"03-VAL-ORIHF";"Franquicia CC La Zenia Orihuela";"CC La Zenia,  Sector “Parque Comercial Las Playas”";"Orihuela";"Alicante";"1";"2012-09-24";"Comunidad Valenciana";"03189"
"641";"03-VAL-ORIHL";"Franquicia Lince CC Ociopía Orihuela";"CC Ociopía, local 9. C/ Obispo Victorio Oliver,  2";"Orihuela";"Alicante";"1";"2012-05-18";"Comunidad Valenciana";"03300"
"642";"03-VAL-OSITL";"Franquicia Lince CC El osito, local 15. C/ Tuejar, s/n  ";"CC El osito, local 15. C/ Tuejar, s/n  ";"La Eliana";"Valencia";"1";"2010-10-15";"Comunidad Valenciana";"46183"
"643";"03-VAL-PICAL";"Franquicia Lince Sant Vicente del Raspeig";"C/ Pintor Picasso, 30.";"Sant Vicente del Raspeig";"Alicante";"1";"2012-08-09";"Comunidad Valenciana";"03690"
"644";"03-VAL-PLAMF";"Xátiva";" CC  Xativa Plaza Mayor, Local 55,  Ctra Llosa de Ranes s/n";"Xativa";"Valencia";"1";"2013-04-10";"Comunidad Valenciana";"48600"
"645";"03-VAL-PLAZL";"Franquicia Lince CC Plaza Mar";"CC Plaza Mar Local B-51 Avda. Denia, s/n";"Alicante";"Alicante";"1";"2010-09-24";"Comunidad Valenciana";"03016"
"646";"03-VAL-PUERL";"Franquicia Lince Avenida del Puerto, 204 ";"Avenida del Puerto, 204. ";"Valencia";"Valencia";"1";"2012-01-25";"Comunidad Valenciana";"46023"
"647";"03-VAL-PUZOL";"Franquicia Lince Avenida Valencia, 48.";"Avenida Valencia, 48";"Puzol";"Valencia";"1";"2012-09-25";"Comunidad Valenciana";"46530"
"648";"03-VAL-RIBEF";"Franquicia CC Ribera del Xúquer";"CC Ribera del Xuquer L-B59 c/ Boticario Bodic s/n ";"Carcaixent ";"Valencia";"1";"2011-12-01";"Comunidad Valenciana";"46740"
"649";"03-VAL-RUZAT";"Tienda Ruzafa, 14";"Ruzafa, 14";"Valencia";"Valencia";"1";"2011-06-09";"Comunidad Valenciana";"46004"
"650";"03-VAL-SAGUL";"Franquicia Lince CC Carrefour Sagunto.";"CC Carrefour Sagunto local 3 Ctra. Sagunto-Puerto Sagunto, s/n ";"Sagunto ";"Valencia";"1";"2011-12-01";"Comunidad Valenciana";"46500"
"651";"03-VAL-SALEF";"Franquicia Valencia-El Saler";" CC El Saler, Local A 10-27";"Valencia";"Valencia";"1";"2009-05-27";"Comunidad Valenciana";"46013"
"652";"03-VAL-SEGOL";"Franquicia Lince Segorbe";"C/España nº153, ";"Segorbe ";"Castellon";"1";"2011-12-28";"Comunidad Valenciana";"12400"
"653";"03-VAL-SUECL";"Franquicia Lince Sueca Bonaguía, 44";"C/  Bonaguía, 44";"Sueca";"Valencia";"1";"2012-06-20";"Comunidad Valenciana";"46410"
"654";"03-VAL-TORRL";"Franquicia Lince País Valenciano";"C/ País Valenciano nº 90";"Torrente";"Valencia";"1";"2011-07-21";"Comunidad Valenciana";"46900"
"655";"03-VAL-TURIF";"Franquicia Xirivella-C.C Gran Turia";"Centro Comercial  Gran Turia  Local -1747Z, Plaza Europa .";"Xirivella";"Valencia";"1";"2010-12-21";"Comunidad Valenciana";"46950"
"656";"03-VAL-VALEL";"Franquicia Avenida Gaspar Aguilar, 80";"Avenida Gaspar Aguilar, 80";"Valencia";"Valencia";"1";"2011-06-09";"Comunidad Valenciana";"46017"
"657";"03-VAL-VINAL";"Franquicia Lince Vinaroz ";"Plaza Jovellar, 8";"Vinaroz";"Castellon";"1";"2012-05-24";"Comunidad Valenciana";"12500"
"658";"03-VAL-VITAL";"Franquicia Lince CC La Vital LB23A Ctra de Daimuz s/n ";"CC La Vital LB23A Ctra de Daimuz s/n ";"Gandia";"Valencia";"1";"2011-11-16";"Comunidad Valenciana";"46700"
"659";"03-VAL-XATIF";"Franquicia Valencia Carrer de Xátiva nº 4";"Carrer de Xátiva nº 4";"Valencia";"Valencia";"1";"2011-03-29";"Comunidad Valenciana";"46002"
"660";"04-AND-AIREL";"Franquicia Lince Castilleja de la Cuesta CC AireSur";"Carretera Castilleja de la Cuesta a Tomares C.C. AireSur C/Valero";"Castilleja de la Cuesta";"Sevilla";"1";"2011-03-01";"Andalucía";"41950"
"661";"04-AND-ALARL";"Franquicia Lince Pedro Antonio de Alarcón";"c/ Pedro Antonio de Alarcón, 37";"Granada";"Granada";"1";"2011-11-22";"Andalucía";"18004"
"662";"04-AND-ALCAL";"Franquicia Lince Ronda del Tamraguillo ";"CC Alcampo Ronda de Tamarguillo, Local 14. Ronda Tamarguillo, 27";"Sevilla";"Sevilla";"1";"2012-04-20";"Andalucía";"41007"
"663";"04-AND-ALGEF";"Franquicia Algeciras";"C/ Regino Martínez, 14";"Algeciras";"Cadiz";"1";"2010-01-25";"Andalucía";"11201"
"664";"04-AND-ALMEF";"Franquicia Almería ";"Pº de Almería, 40 ";"Almería";"Almería";"1";"2009-12-28";"Andalucía";"04001"
"665";"04-AND-ANCHL";"Franquicia Huétor Tájar";"c/ Ancha, 60 ";"Granada";"Granada";"1";"2011-11-22";"Andalucía";"18360"
"666";"04-AND-ANDAF";"Franquicia Jaen-Avda Andalucia";"Avda. de Andalucia nº 23 ";"Jaen";"Jaen";"1";"2010-04-14";"Andalucía";"23005"
"667";"04-AND-ANTEF";"Franquicia Antequera";"C/ Cantareros, 24";"Antequera";"Malaga";"1";"2010-06-16";"Andalucía";"29200"
"668";"04-AND-ANTEL";"Franquicia Lince Antequera CC La Verónica";"CC La Verónica L12B Cuesta Talavera s/n ";"Antequera";"Malaga";"1";"2011-08-25";"Andalucía";"29200"
"669";"04-AND-ARCAL";"Franquicia Lince Córdoba CC El Arcángel";" CC El Arcángel Local A09 Plta. baja Avda. del Arcángel, s/n";"Córdoba";"Córdoba";"1";"2011-03-11";"Andalucía";"14010"
"670";"04-AND-ASUNF";"Franquicia Sevilla. Asuncion";"C/ Asunción, 37";"Sevilla";"Sevilla";"1";"2009-01-30";"Andalucía";"41011"
"671";"04-AND-AUXIL";"Franquicia Lince Avenida María Auxiliadora, 14";"Avenida María Auxiliadora, 14";"Sevilla";"Sevilla";"1";"2010-11-18";"Andalucía";"41003"
"672";"04-AND-AZAHL";"Franquicia Lince Avda.Medina Azahara nº15";"Avenida Medina  Azahara, 15";"Córdoba";"Córdoba";"1";"2012-09-25";"Andalucía";"14005"
"673";"04-AND-BOCAF";"Franquicia C/ Bocas nº 16";"C/ Bocas nº 16";"Huelva";"Huelva";"1";"2012-11-07";"Andalucía";"21001"
"674";"04-AND-CADIF";"Franquicia Cadiz. Ancha";"C/ Ancha, 34";"Cadiz";"Cadiz";"1";"2009-01-27";"Andalucía";"11004"
"675";"04-AND-CARML";"Franquicia Lince Avda. Doctor Villa Díaz ";"Avda. Doctor Villa Díaz, 15 ";"Carmona";"Sevilla";"1";"2012-06-13";"Andalucía";"41410"
"676";"04-AND-CAYEF";"Franquicia Cadiz. Cayetano del Toro";"C/ Cayetano del Toro nº2 -Local izq-Plta Baja";"Cadiz";"Cadiz";"1";"2008-11-25";"Andalucía";"11010"
"677";"04-AND-CORDF";"Franquicia Cordoba C/Reyes Católicos";"C/ Reyes Católicos, nº 2";"Córdoba";"Córdoba";"1";"2009-12-23";"Andalucía";"14001"
"678";"04-AND-CORDT";"Tienda Cordoba. Gongora 5";"C/ Góngora nº 5";"Córdoba";"Córdoba";"1";"2008-12-05";"Andalucía";"14002"
"679";"04-AND-CORIL";"Franquicia Lince Coria del Río";"Avenida  Primero de Mayo,7";"Coria del Rio";"Sevilla";"1";"2012-10-25";"Andalucía";"41100"
"680";"04-AND-DOSHL";"Franquicia Lince Dos Hermanas c/ Real Utrera nº 23  ";"c/ Real Utrera nº 23  ";"Dos Hermanas";"Sevilla";"1";"2010-12-01";"Andalucía";"41700"
"681";"04-AND-DUQUF";"Franquicia Pza. Duque de la Victoria ";"Pza. Duque de la Victoria nº 6";"Sevilla";"Sevilla";"1";"2009-07-22";"Andalucía";"41002"
"682";"04-AND-ECIJL";"Franquicia Lince  CC N-IV Avenida del Genil s/n";"CC N-IV Avenida del Genil s/n";"Ecija";"Sevilla";"1";"2010-10-27";"Andalucía";"41400"
"683";"04-AND-EJIDF";"Franquicia El Ejido Bulevar nº 263";"Bulevar nº 263";"El Ejido ";"Almería";"1";"2009-08-21";"Andalucía";"04700"
"684";"04-AND-ENRAF";"Franquicia Sevilla-Enramillada-Edif Viapol";"Avda. Enramadilla s/n-Edificio Viapol";"Sevilla";"Sevilla";"1";"2010-04-22";"Andalucía";"41018"
"685";"04-AND-ESTAF";"Franquicia Malaga. Explanada Estacion";"Avda. de las Americas, 11";"Malaga";"Malaga";"1";"2008-10-23";"Andalucía";"29006"
"686";"04-AND-ESTEL";"Franquicia Lince CC Sevilla Este (Lince Next)";"CC Sevilla Este. C/Periodista José Antonio Garmend";"Sevilla";"Sevilla";"1";"2012-10-25";"Andalucía";"41020"
"687";"04-AND-GCAPF";"Franquicia Granada Gran Capitán, 27 bis";"C/ Gran Capitán, 27 (bis)";"Granada";"Granada";"1";"2011-09-28";"Andalucía";"18002"
"688";"04-AND-GRANF";"Franquicia Granada";"Centro Comercial Alcampo, Local 23";"Granada";"Granada";"1";"2009-12-23";"Andalucía";"18013"
"689";"04-AND-GRANL";"Franquicia Lince Avenida Constitución";"Avenida Constitución, 33-35";"Granada";"Granada";"1";"2012-06-28";"Andalucía";"18014"
"690";"04-AND-GUADL";"Franquicia Lince Guadix, Granada";"C/ Obispo Medina Olmos, 35";"Granada-Guadix";"Granada";"1";"2012-06-28";"Andalucía";"18500"
"691";"04-AND-HUELF";"Franquicia Huelva-C/ Alcalde Federico Molina 38";"C/ Alcalde Federico Molina 38";"Huelva";"Huelva";"1";"2010-12-29";"Andalucía";"21007"
"692";"04-AND-JAENF";"Franquicia Jaen. Estacion";"Paseo de la Estación, 2";"Jaen";"Jaen";"1";"2009-01-29";"Andalucía";"23001"
"693";"04-AND-JERAL";"Franquicia CC Alcampo Luz Shopping Jerez";"CC Alcampo, Local 7.Crtra. De Calvario-Hijuela de Rompecerones-Luz Shopping";"Jerez de la Frontera ";"Cadiz";"1";"2013-02-25";"Andalucía";"11408"
"694";"04-AND-JEREF";"Franquicia Jerez. CC Jerez Norte-Avenida de Europa, s/n ";"CC Jerez Norte  L21";"Jerez de la Frontera";"Cadiz";"1";"2008-12-30";"Andalucía";"11045"
"695";"04-AND-JEREL";"Franquicia Lince Jerez  -CC Areasur L-B26";"CC Areasur L-B26 Ctra.N IV 639 ";"Jerez de la Frontera ";"Cadiz";"1";"2011-08-17";"Andalucía";"11408"
"696";"04-AND-JUANL";"Franquicia Lince Roquetas de Mar ";"Avda. Juan Carlos Primero 1 Local 54 C.P. 04700 ";"Roquetas de Mar";"Almería";"1";"2011-05-26";"Andalucía";"04700"
"697";"04-AND-KINEL";"Franquicia Lince CC Kinepolis Pulianas";"CC Kinepolis Local 7 Ctjo. Piedrahita, s/n  ";"Pulianas";"Granada";"1";"2011-03-04";"Andalucía";"18197"
"698";"04-AND-LARGF";"Franquicia Jerez-C/Larga";"C/ Larga nº 27.";"Jerez de la Frontera";"Cadiz";"1";"2010-04-15";"Andalucía";"11402"
"699";"04-AND-LARIL";"Franquicia Lince C.C Larios";"C.C. Larios - Avda de la Aurora 25";"Malaga";"Malaga";"1";"2010-09-10";"Andalucía";"29002"
"700";"04-AND-MARBF";"Franquicia Marbella. CC La Cañada";"CC La Cañada. Ctra. Ojén, s/n (Local 28 Plta.Baja)";"Marbella";"Malaga";"1";"2008-12-16";"Andalucía";"29603"
"701";"04-AND-MARCL";"Franquicia Lince  Marchena";"C/Manuel Rojas Marcos nº6";"Marchena";"Sevilla";"1";"2011-09-15";"Andalucía";"41620"
"702";"04-AND-MAYOF";"Franquicia Malaga. CC Plaza Mayor";"CC Plaza Mayor,  Local 58 A";"Malaga";"Malaga";"1";"2009-02-12";"Andalucía";"29004"
"703";"04-AND-MONTF";"Franquicia Sevilla-C/ Luis Montoto, 105 ";"C/ Luis Montoto, 105 ";"Sevilla";"Sevilla";"1";"2009-12-17";"Andalucía";"41007"
"704";"04-AND-MOTRL";"Franquicia Lince Motril";"C/ González Cervera nº 5, con vuelta a la Avda. de Andalucía, 12.";"Motril";"Granada";"1";"2011-04-06";"Andalucía";"18600"
"705";"04-AND-NUEVT";"Tienda Malaga. Calle Nueva";"C/ Nueva nº 32, Plta.Baja y 1ª";"Malaga";"Malaga";"1";"2008-11-03";"Andalucía";"29005"
"706";"04-AND-PUENL";"Franquicia Lince Puente Genil ";"Avda. Manuel Reina, 14 ";"Puente Genil ";"Córdoba";"1";"2012-05-31";"Andalucía";"14500"
"707";"04-AND-RECOF";"Franquicia Granada-Recogidas";"C/ Recogidas, 6";"Granada";"Granada";"1";"2010-04-28";"Andalucía";"18002"
"708";"04-AND-REDOL";"Franquicia Huelva-C/ Miguel Redondo 2";"C/ Miguel Redondo 2";"Huelva";"Huelva";"1";"2010-09-17";"Andalucía";"21003"
"709";"04-AND-RINCN";"Franquicia Lince Next CC Rincón de la Victoria ";"CC Rincón de la Victoria local 62PB. C/ Arroyo de Totalán, 36";"Malaga";"Malaga";"1";"2012-12-28";"Andalucía";"29730"
"710";"04-AND-RONDL";"Franquicia Lince C/ Vicente Espinel, 54";"C/ Vicente Espinel , 54. ";"Ronda";"Malaga";"1";"2012-09-17";"Andalucía";"29400"
"711";"04-AND-ROQUF";"Franquicia Roquetas de Mar";"C.C. Gran Plaza, local 75-76 ";"Roquetas de Mar";"Almería";"1";"2009-11-26";"Andalucía";"04740"
"712";"04-AND-ROSAF";"Franquicia C.C. La Rosaleda";"CC La Rosaleda L-B56/57 Avda. de Simón Bolívar s/n";"Malaga";"Malaga";"1";"2011-05-05";"Andalucía";"29009"
"713";"04-AND-SANFN";"Franquicia Lince CC Bahía Sur L-6,  ";"CC Bahía Sur local 06, C/ Caño Herrera, s/n";"San Fernando ";"Cadiz";"1";"2012-11-06";"Andalucía";"11100"
"714";"04-AND-SANLL";"Franquicia Lince de Sanlucar de Barramenda";"C/Ancha, 40";"Sanlucar de Barrameda";"Cadiz";"1";"2103-03-12";"Andalucía";"11540"
"715";"04-AND-SEVIL";"Franquicia Lince Sevilla-C/ Agricultores nº 1";"C/ Agricultores nº 1";"Sevilla";"Sevilla";"1";"2011-11-10";"Andalucía";"41015"
"716";"04-AND-TETUT";"Tienda Sevilla. Tetuan";"C/Tetuan, 19";"Sevilla";"Sevilla";"1";"2009-02-27";"Andalucía";"41011"
"717";"04-AND-TORRL";"Franquicia Lince CC Carrefour El Pinillo";"CC Carrefour El Pinillo";"Torrenolinos";"Malaga";"1";"2012-02-29";"Andalucía";"29620"
"718";"04-AND-TRIAL";"Franquicia Lince Ronda de Triana, 31";"Ronda de Triana, 31";"Sevilla";"Sevilla";"1";"2012-10-22";"Andalucía";"41010"
"719";"04-AND-INGEF";"Franquicia Lince de Velez - Malaga CC El Ingenio";"CC El Ingenio, Local 29-30. Avda. Juan Carlos I, s/nª";"Vélez - Málaga";"Málaga";"1";"2012-05-04";"Andalucía";"29700"
"720";"04-EXT-ALMEL";"Franquicia Lince Almendralejo Avenida de la Paz";"Avenida de la Paz, 13";"Almendralejo,";"Badajoz";"1";"2012-06-29";"Extremadura";"06200"
"721";"04-EXT-BADAF";"Franquicia Badajoz";"C/Menacho, 22";"Badajoz";"Badajoz";"1";"2009-12-02";"Extremadura";"06001"
"722";"04-EXT-BADAL";"Franquicia Lince CC Carrefour Badajoz";"CC Carrefour Badajoz,  Local 40. C/ José María Alcaraz y Alenda, s/n";" Badajoz";"Badajoz";"1";"2012-06-29";"Extremadura";"06006"
"723";"04-EXT-CACEF";"Franquicia Caceres";"C/ Pintores, 7";"Caceres";"Caceres";"1";"2009-11-19";"Extremadura";"10003"
"724";"04-EXT-MERIF";"Franquicia Merida-C/Santa Eulalia";"C/ Santa Eulalia, 32 ";"Merida";"Badajoz";"1";"2010-08-27";"Extremadura";"06800"
"725";"04-EXT-PLASF";"Franquicia Plasencia";"C/ Sol, 1";"Plasencia";"Caceres";"1";"2009-11-04";"Extremadura";"10600"
"726";"04-EXT-ZAFRL";"Franquicia Lince Zafra- Plaza España, 13";"Plaza de España, 14";"Zafra";"Badajoz";"1";"2011-12-07";"Extremadura";"06300"
"727";"04-MEL-MELIL";"Franquicia Lince C/ General Pareja, 12.";"C/ General Pareja, 12";"Melilla";"Melilla";"1";"2011-12-14";"Melilla";"52006"
"728";"05-ARA-ACTUL";"Franquicia Lince CC Actur Calle María Zambrano, 71";"CC Actur Calle María Zambrano, 71";"Zaragoza";"Zaragoza";"1";"2010-11-12";"Aragón";"50019"
"729";"05-ARA-ARAGF";"Franquicia CC Aragonia";"CC Aragonia (Avda. Juan Carlos I y Juan Pablo II)";"Zaragoza";"Zaragoza";"1";"2009-09-17";"Aragón";"50009"
"730";"05-ARA-CASAL";"Franquicia Lince CC Gran Casa ";"CC Gran Casa, Local S-1. C/ María Zambrano, 35";"Zaragoza";"Zaragoza";"1";"2012-06-26";"Aragón";"50018"
"731";"05-ARA-DAMAF";"Franquicia Paseo de Damas 28";"Paseo de Damas 28";"Zaragoza";"Zaragoza";"1";"2011-06-08";"Aragón";"50008"
"732";"05-ARA-FERCL";"Franquicia Lince Zaragoza Pso Fernando El Católico";"Paseo Fernando El Católico, 29";"Zaragoza";"Zaragoza";"1";"2012-06-07";"Aragón";"50006"
"733";"05-ARA-HUESF";"Franquicia Huesca C/ Coso alto, 10";"C/ Coso alto, 10";"Huesca";"Huesca";"1";"2011-03-10";"Aragón";"22002"
"734";"05-ARA-IMPEL";"Franquicia Lince Zaragoza CC Plaza Imperial ";"CC Plaza Imperial Avda. Diagonal Local P-118";"Zaragoza";"Zaragoza";"1";"2011-03-29";"Aragón";"50197"
"735";"05-ARA-TERUL";"Franquicia Lince Teruel c/ Ramón y Cajal, 7 ";"C/ Ramón y Cajal, 7 ";"Teruel";"Teruel";"1";"2012-03-14";"Aragón";"44001"
"736";"05-ARA-UTEBL";"Franquicia Lince C.C. Utebo-Autovia de Logroño 12";"C.C. Utebo-Autovia de Logroño 12";"Utebo";"Zaragoza";"1";"2010-08-12";"Aragón";"50180"
"737";"05-ARA-UTRIL";"Franquicia Lince CC Utrillas Plaza";"CC Utrillas Plaza, local 7.  Plaza Utrillas,  6";"Zaragoza";"Zaragoza";"1";"2012-06-01";"Aragón";"50013"
"738";"05-ARA-ZARAF";"Franquicia CC Puerto Venecia Zaragoza";"CC Puerto Venecia local 166A. Avda.Puerto Venecia s/n";"Zaragoza";"Zaragoza";"1";"2012-10-01";"Aragón";"50021"
"739";"05-ARA-ZARAL";"Franquicia Lince CC Carrefour Augusta Zaragoza";"CC Carrefour Augusta L-B62 ";"Zaragoza";"Zaragoza";"1";"2011-10-27";"Aragón";"50011"
"740";"05-ARA-ZARAT";"Tienda Zaragoza";"C/ Alfonso I, 3 y 5";"Zaragoza";"Zaragoza";"1";"2009-04-28";"Aragón";"50003"
"741";"05-AST-ATRIL";"Franquicia Lince C.C El Atrio";"C.C. El Atrio Local 27 -C/ La Camara 37";"Aviles";"Asturias";"1";"2010-09-09";"Asturias";"33401"
"742";"05-AST-AVILF";"Franquicia C/Cámara nº19-21";"C/Cámara nº19-21";"Aviles";"Asturias";"1";"2011-12-22";"Asturias";"33402"
"743";"05-AST-GIJOF";"Franquicia CC Los Fresnos. C/ Río de Oro, 3";"CC Los Fresnos. C/ Río de Oro, 3";"Gijón";"Asturias";"1";"2009-08-19";"Asturias";"33209"
"744";"05-AST-TOMAF";"Franquicia C/Tomás Zarracina nº 5";"C/Tomás Zarracina nº 5";"Gijón";"Asturias";"1";"2009-12-29";"Asturias";"33206"
"745";"05-AST-URGIF";"Franquicia C/Uria 24";"C/Uria 24";"Gijón";"Asturias";"1";"2011-08-09";"Asturias";"33202"
"746";"05-AST-URIAF";"Franquicia Oviedo";"C/ Uría / Gonzalez del Valle, 5";"Oviedo";"Asturias";"1";"2009-04-23";"Asturias";"33003"
"747";"05-CAL-AVILF";"Franquicia Avila";"Avenida de Portugal 24";"Avila";"Avila";"1";"2010-04-09";"Castilla León";"5001"
"748";"05-CAL-BULEL";"Franquicia Lince Avila CC Bulevar ";"CC Bulevar Avda. Juan Carlos I 45 local 26";"Avila";"Avila";"1";"2011-06-15";"Castilla León";"5004"
"749";"05-CAL-LEONF";"Franquicia Leon";"C/ Gran Vía de San Marcos, 2";"Leon ";"Leon";"1";"2009-11-18";"Castilla León";"24002"
"750";"05-CAL-LEONL";"Franquicia Lince CC Espacio León L1.38 Avda. País Leones, 12 ";"CC Espacio León L1.38 Avda. País Leones, 12 ";"Leon ";"Leon";"1";"2011-11-24";"Castilla León";"24010"
"751";"05-CAL-MINOL";"Franquicia Lince Laguna de Duero";"c/ del Miño, 2";"Laguna del Duero";"Valladolid";"1";"2011-12-07";"Castilla León";"47140"
"752";"05-CAL-PADIL";"Franquicia Lince Medina del Campo C/ Padilla, 13";"C/ Padilla, 13";"Medina del Campo";"Valladolid";"1";"2012-10-31";"Castilla León";"47400"
"753";"05-CAL-PALEF";"Franquicia Palecia";"C/ Mayor Principal nº 21";"Palencia";"Palencia";"1";"2010-02-10";"Castilla León";"34001"
"754";"05-CAL-PONFF";"Franquicia Ponferrada-Leon";"C/ Camino de Santiago nº 7-9";"Ponferrada";"Leon";"1";"2010-05-19";"Castilla León";"24400"
"755";"05-CAL-PONFL";"Franquicia Lince CC Rosal Ponferrada";"CC El Rosal. Avda de la Constitución, 2. ";"Ponferrada";"Leon";"1";"2011-12-13";"Castilla León";"24400"
"756";"05-CAL-PRIOL";"Franquicia Lince Salamanca -C/ Prior, 4 ";"C/ Prior, 4 ";"Salamanca";"Salamanca";"1";"2011-09-14";"Castilla León";"37002"
"757";"05-CAL-RIOSF";"Franquicia CC Rio Shopping Arroyo de la Encomienda";"CC Río Shopping local B66";"Arroyo de la Encomienda";"Valladolid";"1";"2012-09-19";"Castilla León";"47195"
"758";"05-CAL-ROMAL";"Franquicia Lince Burgos-Arzobispo de Castro nº 2";"Arzobispo de Castro nº 2-Plaza Roma, nº 9";"Burgos";"Burgos";"1";"2011-04-13";"Castilla León";"9007"
"759";"05-CAL-SALAL";"Franquicia Lince Salamanca-C/Maria Auxiliadora, 59";"C/Maria Auxiliadora, 59";"Salamanca";"Salamanca";"1";"2010-11-19";"Castilla León";"37005"
"760";"05-CAL-SEGOF";"Franquicia Segovia";"C/ Severo Ochoa";"Segovia";"Segovia";"1";"2010-05-20";"Castilla León";"40002"
"761";"05-CAL-SEGOL";"Franquicia Lince Segovia CC Luz de Castilla Polígono Industrial El Cerro";"CC Luz de Castilla Polígono Industrial El Cerro";"Segovia";"Segovia";"1";"2012-02-14";"Castilla León";"40006"
"762";"05-CAL-SIMAL";"Franquicia Lince C.C. Vall Sur";"C.C. Vall Sur Local B18-Camino Viejo de Simancas S/N";"Valladolid";"Valladolid";"1";"2010-09-15";"Castilla León";"47008"
"763";"05-CAL-SORIF";"Franquicia Soria -C/del Collado 49";"C/ del Collado, 49";"Soria";"Soria";"1";"2010-12-30";"Castilla León";"42002"
"764";"05-CAL-SORIL";"Franquicia Lince Golmayo CC Las Camaretas";"CC Las Camaretas L-54 Carretera Nacional N 122 S/N";"Golmayo";"Soria";"1";"2012-02-28";"Castilla León";"42190"
"765";"05-CAL-TORMF";"Franquicia CC El Tormes-Sta Marta de Tormes";"CC El Tormes L-1-36, . Avenida de Salamanca";"Santa Marta de Tormes";"Salamanca";"1";"2012-12-28";"Castilla León";"37900"
"766";"05-CAL-TOROF";"Franquicia Salamanca- C/Toro nº 47";"C/ Toro, 47 (actual C/ Vázquez Coronado, 26) ";"Salamanca";"Salamanca";"1";"2011-05-11";"Castilla León";"37002"
"767";"05-CAL-VALLL";"Franquicia Lince Valladolid-C/Palencia 24";"C/Palencia 24";"Valladolid";"Valladolid";"1";"2011-06-15";"Castilla León";"47010"
"768";"05-CAL-VALLT";"Tienda Valladolid";"Plaza de España nº 10 acceso por c/ Manteria 1";"Valladolid";"Valladolid";"1";"2009-05-22";"Castilla León";"47004"
"769";"05-CAL-ZAMOF";"Franquicia Zamora";"C/ Santa Clara nº16";"Zamora";"Zamora";"1";"2010-02-02";"Castilla León";"49015"
"770";"05-CAL-ZAMOL";"Franquicia Lince Zamora- C/ Amargura, 1. ";"C/ Amargura, 1. Zamora";"Zamora";"Zamora";"1";"2011-12-07";"Castilla León";"49012"
"771";"05-CAL-ZORRF";"Franquicia Paseo  Zorrilla, 62";"Paseo  Zorrilla, 62";"Valladolid";"Valladolid";"1";"2011-06-29";"Castilla León";"47006"
"772";"05-CAN-HERRF";"Franquicia Santander";"C/ Juan de Herrera, 2 ";"Santander";"Cantabria";"1";"2008-10-07";"Cantabria";"39002"
"773";"05-CAN-SANTF";"Franquicia CC Peñacastillo";"CC. Peñacastillo Local 41-42  C/ del Empalme s/n";"Santander";"Cantabria";"1";"2012-05-10";"Cantabria";"39011"
"774";"05-CAN-TORRL";"Franquicia Lince Torrelavega";"c/ José María Pereda 10";"Torrelavega";"Cantabria";"1";"2012-04-25";"Cantabria";"39300"
"775";"05-EUS-AREIF";"Franquicia Bilbao-C/ Dr. Areilza nº27";"C/ Dr. Areilza nº27";"Bilbao";"Vizcaya";"1";"2010-12-23";"País Vasco";"48010"
"776";"05-EUS-BARAF";"Franquicia CC Max Center Barakaldo";"CC Max Center, Local 5. Barrio  Kareaga s/n";"Barakaldo";"Vizcaya";"1";"2012-06-28";"País Vasco";"48903"
"777";"05-EUS-BILBF";"Franquicia Bilbao-C/Correo11";"C/Correo11";"Bilbao";"Vizcaya";"1";"2010-12-29";"País Vasco";"48005"
"778";"05-EUS-CARMF";"Franquicia Bilbao-Carmelo 11";"C/Carmelo 11";"Bilbao";"Vizcaya";"1";"2011-05-18";"País Vasco";"48004"
"779";"05-EUS-CCBUL";"Franquicia Lince  CC Bulevard.  Zaramaga Kalea, 1";"CC Bulevard.  Zaramaga Kalea, 1";"Vitoria";"Vitoria";"1";"2011-06-29";"País Vasco";"01013"
"780";"05-EUS-DENDL";"Franquicia Lince CC Dendaraba. C/ Paz, 7 Pta. Baja, puerta A-1";"CC Dendaraba. C/ Paz, 7 Pta. Baja, puerta A-1";"Vitoria";"Vitoria";"1";"2011-03-10";"País Vasco";"01004"
"781";"05-EUS-FUERF";"Franquicia Barakaldo C/ Fueros, 10";"C/ Fueros, 10";"Barakaldo";"Vizcaya";"1";"2013-02-19";"País Vasco";"48901"
"782";"05-EUS-GBERF";"Franquicia San Sebastian-CC Garbera , Local 050. Travesía de Garbera";"CC Garbera , Local 050. Travesía de Garbera";"San Sebastian ";"Guipuzcoa";"1";"2010-12-30";"País Vasco";"39311"
"783";"05-EUS-GETXF";"Franquicia Getxo-C/Mayor 31";"C/ Mayor, 31";"Getxo";"Vizcaya";"1";"2011-06-15";"País Vasco";"48930"
"784";"05-EUS-IPART";"Tienda Bilbao";"C/ Iparraguirre nº37";"Bilbao";"Vizcaya";"1";"2010-04-23";"País Vasco";"48011"
"785";"05-EUS-LAKUL";"Franquica Lince CC Lakua c/ Duque de Wellington 6";"CC Lakua local b4 c/ Duque de Wellington 6";"Vitoria";"Vitoria";"1";"2011-07-28";"País Vasco";"01010"
"786";"05-EUS-PORTL";"Franquicia Lince CC Ballonti, local B29.Portugalete";"CC Ballonti, local B29. Barrio de Ballonti, 1";"Portugalete";"Vizcaya";"1";"2012-11-28";"País Vasco";"48920"
"787";"05-EUS-SSEBT";"TIENDA SAN SEBASTIAN ";"C/ LOIOLA 10";"SAN SEBASTIAN ";"Guipuzcoa";"1";"1900-01-01";"País Vasco";"20005"
"788";"05-EUS-TXURF";"Franquicia San Sebastian";"Txurruca, 2";"San Sebastian ";"Vitoria";"1";"2010-05-07";"País Vasco";"20004"
"789";"05-EUS-VITOL";"Franquicia Lince Vitoria-C/ Postas, 2";"C/ Postas, 2";"Vitoria";"Vitoria";"1";"2010-10-28";"País Vasco";"01001"
"790";"05-GAL-ALCAF";"Franquicia C.C. Alcampo Vigo";"CC Alcampo Vigo 2  L-19 (Avda. Madrid s/n)";"Vigo";"Pontevedra";"1";"2010-06-29";"Galicia";"36214"
"791";" ";"Franquicia Lince  Vigo - Plaza America 21";"Plaza America 21-Vigo";"Vigo";"Pontevedra";"1";"2010-10-28";"Galicia";"36211"
"792";"05-GAL-BETAF";"Franquicia C/Betanzos-A Coruña";"C/ Betanzos, 5";"A Coruña";"A Coruña";"1";"2009-10-28";"Galicia";"40007"
"793";"05-GAL-CANCF";"Franquicia CC As Cancelas local B25, Rúa do Vintecinco de Xullo";"CC As Cancelas local B25, Rúa do Vintecinco de Xullo";"Santiago de Compostela";"A Coruña";"1";"2012-11-15";"Galicia";"15703"
"794";"05-GAL-CORUF";"Franquicia La Coruña";"C/ Barcelona 44";"A Coruña";"A Coruña";"1";"2008-12-12";"Galicia";"15010"
"795";"05-GAL-CUATF";"Franquicia C.C. Cuatro Caminos";"CC Cuatro Caminos. Ramón y Cajal 53 DUP 53-55 Local B2";"A Coruña";"A Coruña";"1";"2010-05-28";"Galicia";"15006"
"796";"05-GAL-FERRF";"Franquicia Ferrol";"C.C. Alcampo L16 ";"Ferrol";"A Coruña";"1";"2008-12-30";"Galicia";"15407"
"797";"05-GAL-GRANF";"Franquicia Av de la Gran Vía, 11-13";"Av de la Gran Vía, 11-13. ";"Vigo";"Pontevedra";"1";"2011-04-15";"Galicia";"36204"
"798";"05-GAL-GVIAF";"Franquicia CC Gran Vía de Vigo ";"CC Gran Vía de Vigo (C/ Miradoiro,2)";"Vigo";"Pontevedra";"1";"2009-09-24";"Galicia";"36204"
"799";"05-GAL-LAZAF";"Franquicia Ourense";"C/ Parque San Lázaro, 2 Baja";"Ourense";"Ourense";"1";"2009-06-25";"Galicia";"32003"
"800";"05-GAL-LUGOF";"Franquicia Lugo Avda. de la Coruña 1 Esq Rondas de la Muralla, 1";"Avda. de la Coruña 1 Esq Rondas de la Muralla, 1";"Lugo";"Lugo";"1";"2010-12-15";"Galicia";"27003"
"801";"05-GAL-MARIF";"Franquicia CC Marineda City- A Coruña";"CC Marineda City Local 61 Estrada Baños de Arteixo, s/n (Pol. Ind. A Grela)";"A Coruña";"A Coruña";"1";"2011-04-14";"Galicia";"15008"
"802";"05-GAL-OUREF";"Franquicia CC Ponte Vella Ourense";"CC Ponte Vella, Local B9. Avda. Ribeira Sacra, 50.";"Ourense";"Ourense";"1";"2012-10-09";"Galicia";"32002"
"803";"05-GAL-PEREF";"Franquicia C/ Peregrina, 1";"C/ Peregrina, 1";"Pontevedra";"Pontevedra";"1";"2012-09-13";"Galicia";"36001"
"804";"05-GAL-REALT";"Tienda A Coruña-C/Real";"C/ Real, 63. A Coruña-Avda. de la Marina nº 28";"A Coruña";"A Coruña";"1";"2009-07-23";"Galicia";"15003"
"805";"05-GAL-SANTF";"Franquicia Santiago Compostela";"C/ República del Salvador nº 20.";"Santiago de Compostela";"A Coruña";"1";"2010-02-10";"Galicia";"15701"
"806";"05-GAL-TEIXF";"Franquicia  Doctor Teixeiro, 1";"Avda Doctor Teixeiro, 1";"Santiago de Compostela";"A Coruña";"1";"2012-05-30";"Galicia";"15701"
"807";"05-GAL-TERMF";"Franquicia CC As Termas";"Lugo- CC As Termas L-19 Infanta Elena Duquesa de Lugo, 93 ";"Lugo";"Lugo";"1";"2011-06-22";"Galicia";"27003"
"808";"05-GAL-TRAVL";"Franquicia Lince CC Travesía de Vigo  LB12 ";"CC Travesía de Vigo  LB12";"Vigo";"Pontevedra";"1";"2011-10-26";"Galicia";"36207"
"809";"05-GAL-VIGOF";"Franquicia Vigo";"C/ Principe - Esquina Doctor Cadaval";"Vigo";"Pontevedra";"1";"2008-10-10";"Galicia";"36202"
"810";"05-GAL-VIGOL";"Franquicia Lince Vigo Rúa de Urzáiz, 152 ";"Rúa de Urzáiz, 152";"Vigo ";"Pontevedra";"1";"2011-06-08";"Galicia";"36400"
"811";"05-NAV-HUARL";"Franquicia Lince CC Itaroa ";"C.C. Itaroa - Avda Intxaurdia - Escalera Lb Piso 26 Puerta B";"Huarte";"Navarra";"1";"2010-09-08";"Navarra";"31620"
"812";"05-NAV-IGNAF";"Franquicia Pamplona";"Avda. San Ignacio nº 14";"Pamplona";"Navarra";"1";"2009-06-25";"Navarra";"31002"
"813";"05-NAV-PAMPT";"Tienda Avda. Carlos II, 9 ";"Avda. Carlos lll,  9 ";"Pamplona";"Navarra";"1";"2011-05-04";"Navarra";"31002"
"814";"05-RIO-LOGRF";"Franquicia Logroño";"C/ Gran Vía Juan Carlos I, 41";"Logroño";"Logroño";"1";"2009-04-21";"La Rioja";"26002"
"815";"05-CAL-SANTT";"TTPP";"C/ Santiago, 15";"Valladolid";"Valladolid";"1";"2014-12-22";"Castilla León";"47004"
"816";"01-MAD-ALUCL";"TIENDA ORANGE ALUCHE CC PLAZA ALUCHE-LINCE";"AVDA. DE LOS POBLADOS, 36-37";"Madrid";"Madrid";"1";"2015-10-08";"Madrid";"28047"
"817";"01-MAD-BRAVT";"TTPP Bravo Murillo";"C/ Bravo Murillo 103";"Madrid";"MADRID";"1";"2009-01-16";"Madrid";"28020"
"818";"01-MAD-ALCAT";"TTPP Alcala";"C/Alcala 149 (esquina Goya)";"Madrid";"MADRID";"1";"2015-07-21";"Madrid";"28001"
"819";"01-MAD-GVIAT";"TTPP Gran Via 44,  Madrid";"Gran Via, 44   ";"Madrid";"MADRID";"1";"2016-08-31";"Madrid";"28013"
"820";"01-MAD-PRINT";"TTPP Princesa 51";"Princesa, 51.";"Madrid";"MADRID";"1";"2011-04-20";"Madrid";"28008"
"821";"01-MAD-PSOLT";"TTPP Puerta de Sol";"Puerta del Sol 12, esq. Carmen, 2";"Madrid";"MADRID";"1";"2011-11-30";"Madrid";"28013"
"824";"02-CAT-GRACT";"TTPP Paseo de Gracia";"Paseo de Gracia nº 6";"Barcelona";"Barcelona";"1";"2014-11-01";"Cataluña";"8007"
"825";"02-CAT-PELAT";"TTPP Propia C/ Pelayo, 50";"C/ Pelayo 50";"Barcelona";"Barcelona";"1";"2015-09-15";"Cataluña";"8001"
"826";"02-CAT-RAMBT";"TTPP Rambla de Catalunya 72";"Rambla de Catalunya 72";"Barcelona";"Barcelona";"1";"2016-12-14";"Cataluña";"8007"
"827";"03-VAL-MAIST";"TTPP Alicante C/Maisonnave nº38";"C/ Maisonnave nº38";"Alicante";"Alicante";"1";"2016-11-16";"Comunidad Valenciana";"03003"
"828";"03-MUR-GVIAT";"TTPP Murcia Francisco Salzillo, 19.";"C/ Gran Via del Escultor FCO. Salzillo 19";"Murcia";"Murcia";"1";"2015-11-18";"Murcia";"30004"
"830";"03-VAL-COLOT";"TTPP Valencia";"C/ Colon 19";"Valencia";"Valencia";"1";"2009-04-02";"Comunidad Valenciana";"46004"
"831";"03-VAL-RUZAT";"TTPP Ruzafa, 14";"Ruzafa 14 - Covento de Santa Clara 1";"Valencia";"Valencia";"1";"2011-06-09";"Comunidad Valenciana";"46004"
"832";"04-AND-CRUZT";"TTPP Cordoba. Cruz Conde";"CRUZ CONDE 6 ";"Córdoba";"CORDOBA";"1";"2016-09-15";"Andalucía";"14002"
"833";"04-AND-NUEVT";"TTPP Malaga. Calle Nueva";"C/ Nueva nº 32, Plta.Baja y 1ª";"Málaga";"Malaga";"1";"2016-09-01";"Andalucía";"29005"
"834";"04-AND-TETUT";"TTPP Tetuan - Sevilla";"C/ Tetuan, 19";"Sevilla";"Sevilla";"1";"2014-11-01";"Andalucía";"41011"
"835";"05-GAL-THEHT";"TTPP A Coruña-C/Teresa Herrera";"Teresa Herrera, 16";"A Coruña";"A Coruña";"1";"2016-12-21";"Galicia";"15004"
"836";"05-EUS-IPART";"TTPP Bilbao";"C/ Iparraguirre nº37";"Bilbao";"Vizcaya";"1";"2016-11-30";"País Vasco";"48011"
"837";"05-NAV-PAMPT";"TTPP Pamplona Avda. Carlos II, 9";"Avda. Carlos lll,  9";"Pamplona";"Navarra";"1";"2015-05-07";"Navarra";"31002"
"838";"05-EUS-SSEBT";"TTPP San Sebastian-Loiola";"C/ Loiola 10";"San Sebastián";"Guipuzcoa";"1";"2015-10-28";"País Vasco";"20005"
"839";"05-CAL-SANTT";"TTPP Valladolid-C/ Santiago, 15";"C/ Santiago, 15";"Valladolid";"Valladolid";"1";"2014-12-22";"Castilla León";"47004"
"840";"05-ARA-ESPAT";"TTPP Zaragoza";"c/ ESPAÑA 4 ";"Zaragoza";"ZARAGOZA";"1";"2016-11-30";"Aragón";"50003"
"841";"01-ICA-PALMT";"TTPP Las Palmas";"Galicia 25 Esq. Av. Jose Mesa y Lopez 23 25 ";"Las Palmas de Gran Canaria";"Gran Canaria";"1";"2009-06-23";"Canarias";"35006"
"842";"01-ICA-TENET";"TTPP Tenerife-C/Castillo";"Castillo, 68";"Tenerife";"Tenerife";"1";"2015-05-21";"Canarias";"38003"
